Name,Age,Gender,Glucose,BloodPressure,BMI,Insulin,DiabetesPedigree,Outcome
Ahmed,45,M,148,72,33.6,0,0.627,1
Ali,32,M,85,66,26.6,94,0.351,0
Sara,28,F,89,66,28.1,94,0.167,0
Fatima,52,F,183,64,23.3,0,0.672,1
Usman,41,M,137,40,43.1,168,2.288,1
Ayesha,35,F,116,74,34.0,0,0.188,0
Bilal,29,M,78,50,31.0,88,0.248,0
Hina,60,F,126,88,39.3,0,0.704,0
Omar,48,M,180,90,42.0,200,1.200,1
Zainab,31,F,100,72,25.5,90,0.250,0
Hamza,55,M,195,92,36.5,0,0.900,1
Mariam,38,F,110,70,32.0,,0.300,0
Kashif,44,M,,80,35.2,150,0.450,1
Sana,27,F,92,68,24.8,85,0.180,0
Imran,50,M,160,85,38.0,175,0.850,1
Nadia,42,F,105,75,29.5,120,0.250,0
Farhan,36,M,99,70,27.2,100,0.300,0
Lubna,58,F,170,95,45.0,300,1.100,1
Tariq,46,M,130,78,31.5,140,0.500,1
Sadia,33,F,88,60,22.5,80,0.150,0
Ahmed,45,M,148,72,33.6,0,0.627,1
Rashid,39,M,250,110,55.0,400,1.500,1
